display_name,model_type,accuracy_per_training_second,accuracy_per_1000_parameters,accuracy_per_inference_ms,accuracy_per_sample,macro_corr
Attention-Stem Multi-Head Multiscale TCN,SNN,0.13521264717405138,0.006296494640267415,0.04262038601633154,0.015361479267677409,0.4915673365656771
SingleHead MLP,SNN,0.008908387725798524,0.859152219324544,1.01805041468667,0.0013810871925642046,0.5524348770256818
conv1Dnetwork,SNN,0.008807786063242288,0.12287804636987948,0.43699213756841115,0.001672063015978135,0.668825206391254
Fuse Shallow,SNN,0.008698960446837382,0.11362792817087118,0.17511706047608055,0.0016643650778828357,0.6657460311531342
Multiscale Dilated,SNN,0.008020510678728504,0.051114029505312464,0.14361673428298363,0.0016442105441121387,0.6576842176448555
Multiscale Branches,SNN,0.007264090102900576,0.11376138268722874,0.15699855401665133,0.001666319852911183,0.6665279411644732
Multiple-Head Multiscale Branches,SNN,0.007062381804134229,0.11415082602676503,0.1305998542666609,0.0016720242242270408,0.6688096896908163
conv1Dnetwork,SNN,0.006805263004660015,0.1258288928627649,0.36359743042835924,0.0008561083298150367,0.6848866638520293
Fuse Shallow,SNN,0.00679202625241244,0.11873242062227336,0.20809126251888604,0.0008695665655323745,0.6956532524258996
Multiscale Dilated,SNN,0.006146203778331929,0.05138768993914542,0.1767390171036065,0.0008265067580587302,0.6612054064469842
SingleHead MLP,SNN,0.006145027783368814,0.8652103550899568,0.7787159630510295,0.0006954128229035528,0.5563302583228422
Attention-Stem Multi-Head Multiscale Branches,SNN,0.005782198026570788,0.03883811409902175,0.10666043697602967,0.0017125666411963642,0.6850266564785457
Multiscale Branches,SNN,0.005526792100381278,0.11728396366213413,0.19139002425815246,0.0008589584288705549,0.6871667430964439
Multiple-Head Multiscale Branches,SNN,0.0051485071494170595,0.11756144722351143,0.1346391832587731,0.0008609906491031918,0.6887925192825535
Attention-Stem Multi-Head Multiscale Branches,SNN,0.004253403470514707,0.04043661291900997,0.10986354933632433,0.0008915262233318724,0.7132209786654979
Attention-Stem Bilinear-Fusion Multi-Head Multiscale Branches,SNN,0.0042377902897509515,0.023550531459962967,0.08263967800976192,0.001725194182099587,0.6900776728398348
Multiscale Branches,SNN,0.004010615530520891,0.1283113112103569,0.24369067099136046,0.00037588798619074055,0.7517759723814811
Fuse Shallow,SNN,0.003998175393048535,0.12713541759792732,0.22818618289115258,0.0003724432058531281,0.7448864117062561
conv1Dnetwork,SNN,0.003704460289286891,0.1256581290379697,0.492622584524394,0.0003419785981768345,0.683957196353669
UNet1D,DNN,0.0036160778139450334,0.00026849600303569595,0.04004062499054997,0.0018196101661330554,0.7278440664532222
SingleHead MLP,SNN,0.0036146879439955906,0.8636935823110957,1.5530060778135748,0.00027767748671301727,0.5553549734260346
Multiscale Dilated,SNN,0.0031943631350844492,0.05173751133063001,0.20924298547578166,0.0003328532791456082,0.6657065582912164
Multiple-Head Multiscale Branches,SNN,0.0030159897413567656,0.12529259572333648,0.10928176353098264,0.00036704465917151427,0.7340893183430285
Attention-Stem Bilinear-Fusion Multi-Head Multiscale Branches,SNN,0.002732626655176918,0.02451283129007289,0.05274437308612085,0.0008978437280771447,0.7182749824617158
SepFormer,DNN,0.002705060757358628,0.00107444435177074,0.050633837227787415,0.0016145890162929263,0.6458356065171705
Fuse Shallow,SNN,0.0025793186413314772,0.13194756366395227,0.2222863414591484,0.00019327019387677412,0.7730807755070964
UNet1D,DNN,0.002509740393431737,0.0002888039916056079,0.03705262780938709,0.000978619184650403,0.7828953477203224
conv1Dnetwork,SNN,0.0022288474902903356,0.12790652982112846,0.3713080895883847,0.00017404881045410053,0.6961952418164021
Attention-Stem Multi-Head Multiscale Branches,SNN,0.002124128407922956,0.043096981754134935,0.1219172923116005,0.000380072282089716,0.760144564179432
Fuse Shallow,SNN,0.0019305715566107081,0.13194159689521293,0.04405296392253603,0.00017133107628746733,0.7730458162090525
Multiscale Branches,SNN,0.0019291508134804197,0.1311758827642118,0.34900890828634495,0.00019213987427887922,0.7685594971155169
Multiple-Head Multiscale Branches,SNN,0.001925249392997378,0.13057600153909832,0.08432086338961318,0.0001912611982543943,0.7650447930175771
Multiscale Dilated,SNN,0.0018720908118288557,0.05199713810122248,0.1767712007304034,0.0001672617939871074,0.6690471759484297
Fuse Shallow,SNN,0.0017892556089770873,0.13362218147685004,0.2151855471282325,0.00013048206021214407,0.7828923612728644
SepFormer,DNN,0.0016547635067594478,0.001091265438008435,0.04169574119592682,0.0008199331995020178,0.6559465596016142
SingleHead MLP,SNN,0.0016335573805930524,0.8655539876980342,0.8618278888937133,0.000139137803522459,0.556551214089836
conv1Dnetwork,SNN,0.0015626472006638828,0.12664230237439478,0.09079957476998098,0.0001527735043935795,0.6893140518238308
Attention-Stem Bilinear-Fusion Multi-Head Multiscale Branches,SNN,0.0015559857334555218,0.026282787836642264,0.09692833237546167,0.00038506912459464583,0.7701382491892916
conv1Dnetwork,SNN,0.001508011396342427,0.12667757469455174,0.6631523641126382,0.00011491767317707418,0.6895060390624451
Multiscale Dilated,SNN,0.0014736068362543964,0.05301759430638897,0.009649871287502795,0.00015119179652932336,0.682177385940307
Attention-Stem Multi-Head Multiscale Branches,SNN,0.0014615107992074655,0.04393834276882343,0.08768081545744878,0.0001937461224391269,0.7749844897565077
Autoencoder,DNN,0.001438832330622526,0.029102943014184885,0.10414005677107559,0.00015255179637156175,0.6883137052284867
Multiscale Dilated,SNN,0.0013846622827795032,0.052673377017904914,0.1984726404581861,0.0001129580570148971,0.6777483420893826
Multiscale Branches,SNN,0.0013593025489010366,0.13036800649218933,0.05041324177052276,0.00016928771055800914,0.7638261500377372
Fuse Shallow,SNN,0.0013518034242864974,0.13033788862232598,0.24184037845689643,9.545621117977598e-05,0.7636496894382079
UNet1D,DNN,0.0012632234024887417,0.00031091966470557703,0.045849458875820814,0.0004214234672787538,0.8428469345575076
Multiscale Branches,SNN,0.001253089382868742,0.129716168710784,0.15328223283284895,0.00012666783874608058,0.7600070324764835
TasNet,DNN,0.0012246075313337022,0.0002909697053752081,0.010777445378922841,0.001820958248967342,0.7283832995869368
SingleHead MLP,SNN,0.001173626413172558,0.865095257089096,0.7614733063767912,9.270937505138145e-05,0.5562562503082887
conv1Dnetwork,SNN,0.0010955321626347607,0.12514246926413047,0.36826109956785746,8.514380752558276e-05,0.6811504602046621
Multiscale Dilated,SNN,0.001086641657240761,0.05344218178542211,0.2247441065455073,8.595506912912828e-05,0.6876405530330263
Multiple-Head Multiscale Branches,SNN,0.0009846498750524148,0.12870277395373916,0.16985996913855902,0.00012567825876582628,0.7540695525949578
SingleHead MLP,SNN,0.0009288656113724389,0.8641128034536798,0.5612935979598682,0.00012314373506664808,0.5556245326207161
Attention-Stem Bilinear-Fusion Multi-Head Multiscale Branches,SNN,0.0008190034487025803,0.02720457993645639,0.10679253439606662,0.0001992871503245113,0.7971486012980452
UNet1D,DNN,0.0007952434213542679,0.00032384064621338813,0.01341042706803264,0.00019456413491301654,0.8778733767275306
SepFormer,DNN,0.0007440344450260295,0.0012770634468589903,0.0613745547102712,0.00038381375657278835,0.7676275131455768
Multiscale Branches,SNN,0.00072609541472134,0.12895743888262948,0.220698593373247,9.444520430166576e-05,0.7555616344133261
TasNet,DNN,0.000681820324928677,0.000322582748916067,0.011443599340164963,0.0010094001312882434,0.8075201050305948
Multiple-Head Multiscale Branches,SNN,0.0006431284687224403,0.1295009909318136,0.16960909933373813,9.484328823368699e-05,0.7587463058694959
Attention-Stem Multi-Head Multiscale Branches,SNN,0.0006022810380267062,0.044126636482160135,0.12509935132561725,0.00012971760237872343,0.7783056142723406
UNet1D,DNN,0.0004483061649459206,0.0003241429797917234,0.03725630561083636,0.00021967323708400497,0.8786929483360199
Attention-Stem Multi-Head Multiscale Branches,SNN,0.0004200519538521135,0.04384487745621513,0.13397176703071031,9.666699357159032e-05,0.7733359485727226
Attention-Stem Bilinear-Fusion Multi-Head Multiscale Branches,SNN,0.0004182680086682362,0.02718158785017025,0.09522541423293557,0.00013274581453094812,0.7964748871856887
SepFormer,DNN,0.00040868770855563693,0.0013647063485951285,0.07522675172629498,0.00020507715241608715,0.8203086096643486
Attention-Stem Bilinear-Fusion Multi-Head Multiscale Branches,SNN,0.0003216659199961974,0.02724322772341561,0.08510967165966483,9.978513234394053e-05,0.7982810587515242
TasNet,DNN,0.00031548269129832936,0.0003476316121769793,0.013572344901722351,0.00043511241211809175,0.8702248242361835
UNet1D,DNN,0.00029492163676052285,0.00032464092930308014,0.04383019411510884,0.00014667379988874107,0.8800427993324463
SepFormer,DNN,0.0002742864216600437,0.0013640166722559135,0.057356586750662734,0.00013664900891549375,0.8198940534929625
SepFormer,DNN,0.00026533937483611133,0.0013998774426835555,0.007912867030167338,0.000186491474350127,0.841449532267773
TasNet,DNN,0.00022772178074579306,0.00037332768207214314,0.004451883831400785,0.0002071253752704937,0.9345496932204675
UNet1D,DNN,0.00022102157784882628,0.0003298327654757526,0.04119826711021412,0.00011176461593427678,0.8941169274742142
SepFormer,DNN,0.00020978459707243739,0.001381755325271969,0.06321345627776688,0.00010381956811963466,0.8305565449570773
TasNet,DNN,0.0001770029965441035,0.0003655708974977695,0.013938953541743257,0.00022878304135564407,0.9151321654225762
TasNet,DNN,0.0001237638015245563,0.0003665643139927396,0.014756778408474645,0.00015293649682679482,0.9176189809607689
TasNet,DNN,9.280288740088487e-05,0.0003733940215008223,0.01534914168834954,0.00011683947005586531,0.9347157604469225
unet1d_pure_harmonic_amfm_chirp_trend_transient,DNN,,,,,0.8721274239793777
Attention-Stem Bilinear-Fusion Multi-Head Multiscale Branches,SNN,,0.02742593556224904,0.004500178990544326,,0.8036347638450214
RNN (LSTM/GRU),DNN,,0.0012509585166482278,0.00024004357036978567,,0.6632319353980407
Three Parallel Shallow Branches,SNN,,0.09918183855409168,0.05382227043386244,,0.12407648003116868
Shallow Conv1D,SNN,,,,,
